Atkinson Center for a Sustainable Future,ACSF
Charles H. Dyson School of Applied Economics and Management,AEM
Applied and Engineering Physics,AEP
Animal Science,ANSCI
Astronomy,ASTRO
Atmospheric Science,ATMOSCI
Biological and Environmental Engineering,BEE
The Biofuels Research Laboratory,BIOFLAB
Biomedical Sciences,BIOMD
Microbiology,BIOMI
Neurobiology and Behavior,BIONB
Institute of Biotechnology,BIOTECH
"Biochemistry, Molecular and Cell Biology",BMCB
Biomedical Engineering,BME
Biological Statistics and Computational Biology,BSCB
Boyce Thompson Institute (BTI),BTI
Cornell Center for Advanced Computing (CAC),CAC
COLLEGE OF AGRICULTURE AND LIFE SCIENCES,CALS
"COLLEGE OF AGRICULTURE AND LIFE SCIENCES, COLLEGE OF ARTS AND SCIENCES",CALS/CAS
"COLLEGE OF AGRICULTURE AND LIFE SCIENCES, COLLEGE OF HUMAN ECOLOGY",CALS/CHE
Center for Applied Math (CAM),CAM
COLLEGE OF ARTS AND SCIENCES,CAS
"COLLEGE OF ARTS AND SCIENCES, COLLEGE OF AGRICULTURE AND LIFE SCIENCES",CAS/CALS
"COLLEGE OF ARTS AND SCIENCES, SCHOOL OF INDUSTRIAL AND LABOR RELATIONS (ILR)",CAS/ILR
Cornell Center for Materials Research (CCMR),CCMR
Civil and Environmental Engineering,CEE
"Civil and Environmental Engineering, Operations Research and Information Engineering",CEE/ORIE
COLLEGE OF HUMAN ECOLOGY,CHE
Chemistry and Chemical Biology,CHEM
Chemical and Biomolecular Engineering,CHEME
Cornell High Energy Synchrotron Source (CHESS),CHESS
FACULTY OF COMPUTING AND INFORMATION SCIENCE,CIS
Clinical Sciences,CLSCI
Center for Nanomaterials Engineering and Technology (CNET),CNET
Cornell Nanoscale Facility (CNF),CNF
"Cornell Nanoscale Facility (CNF), Kavli Institute at Cornell for Nanoscale Science (KIC)",CNF/KIC
Comparative Orthopaedics Lab,COMPORTH
Computer Science,COMS
Computer System Laboratory,COMSYSLAB
COLLEGE OF VETERINARY MEDICINE,CVM
Division of Hematology and Medical Oncology,DHMO
Statistical Science,DSS
Earth and Atmospheric Sciences,EAS
Electrical and Computer Engineering,ECE
"Electrical and Computer Engineering, Biomedical Engineering",ECE/BIOE
Economics,ECON
Ecology and Evolutionary Biology,EEB
Energy Materials Center at Cornell,EMC2
Energy Materials Center at Cornell (EMC2),EMC2
COLLEGE OF ENGINEERING,EN
Cornell Energy Institute,ENI
Entomology,ENTOM
Ecology and Systemat Section,ESS
Food Science,FDSCI
Fiber Science and Apparel Design,FIBER
Graduate Field,GF
"Genetics, Genomics and Development",GGD
Samuel Curtis Johnson Graduate School of Management,GM
Horticulture,HORT
Institute for the Study of the Continents (INSTOC),INSTOC
Baker Institute for Animal Health,JBI
Kavli Institute at Cornell for Nanoscale Science (KIC),KIC
Laboratory of Atomic and Solid State Physics (LASSP),LASSP
Laboratory of Plasma Studies (LPS),LPS
Mechanical and Aerospace Engineering,MAE
mechanical and Aerospace Engineering,MAE
Mathematics,MATH
Molecular Biology and Genetics,MBG
Microbiology and Immunology,MICIM
Molecular Medicine,MOLMED
Materials Science and Engineering,MSE
Nanobiotechnology Center (NBTC),NBTC
Nutritional Sciences,NUTRSCI
Operations Research and Information Engineering,ORIE
Others,OTHERS
Department of Physics,PHYS
Population Medicine and Diagnostic Sciences,POPMD
Psychology,PSYCH
Soil and Crop Sciences,SCS
School of Integrative Plant Science,SIPS
System Engineering,SYSENG
Department of Urology,UROL
Weill Cornell Medical College,WEILL
"Weill Cornell Medical College, Qatar","WEILL, QATAR"
College of Business,CCB